MILESTONEDELIVERABLE_ID,MILESTONEDELIVERABLE_MILESTONE,MILESTONEDELIVERABLE_DESCRIPTION,MILESTONEDELIVERABLE_PROJECT,MILESTONEDELIVERABLE_DELIVERABLE,MILESTONEDELIVERABLE_STARTDATE,MILESTONEDELIVERABLE_ENDDATE
1,1,Complete design documents for Project Alpha,1,1,2024-12-04,2024-12-31
2,1,Develop core functionalities for Project Alpha,1,2,2024-12-04,2025-01-30
3,2,Conduct first round of user testing for Project Alpha,1,3,2024-12-04,2024-02-29
4,2,Finalize business requirements for Project Alpha,1,4,2025-01-01,2025-01-15
5,3,Develop the first working prototype for Project Alpha,1,1,2025-01-16,2025-02-01
6,3,Review prototype with stakeholders for feedback,1,2,2025-02-02,2025-02-10
7,4,Start beta testing phase for Project Alpha,2,1,2025-02-15,2025-03-01
8,4,Release updated beta version after feedback,2,2,2025-03-02,2025-03-15
9,5,Complete final version of Project Alpha,2,3,2025-03-16,2025-04-01
10,5,Launch marketing campaign for Project Alpha,2,4,2025-03-20,2025-04-01
